<?xml version="1.0" encoding="UTF-8"?>
<project-private xmlns="http://www.netbeans.org/ns/project-private/1">
    <editor-bookmarks xmlns="http://www.netbeans.org/ns/editor-bookmarks/2" lastBookmarkId="0"/>
    <open-files xmlns="http://www.netbeans.org/ns/projectui-open-files/2">
        <group>
            <file>file:/C:/Users/윤재민/Documents/NetBeansProjects/Shootingspaceship/src/shootingspaceship/Shot.java</file>
            <file>file:/C:/Users/윤재민/Documents/NetBeansProjects/Shootingspaceship/src/shootingspaceship/Player.java</file>
            <file>file:/C:/Users/윤재민/Documents/NetBeansProjects/Shootingspaceship/src/shootingspaceship/Enemy.java</file>
            <file>file:/C:/Users/윤재민/Documents/NetBeansProjects/Shootingspaceship/src/shootingspaceship/Shootingspaceship.java</file>
        </group>
    </open-files>
</project-private>
